INSERT INTO Artistas VALUES ('50CENT-01', '50 cent');
INSERT INTO Artistas VALUES ('DuaLipa-01', 'Dua Lipa');
INSERT INTO Artistas VALUES ('Khalid-01', 'Khalid');
INSERT INTO Artistas VALUES ('PostMalone-01', 'Post Malone');
INSERT INTO Artistas VALUES ('Drake-01', 'Drake');
INSERT INTO Artistas VALUES ('SNPDGG-01', 'Snoop Dogg');
INSERT INTO Artistas VALUES ('BTS-01', 'BTS');
INSERT INTO Artistas VALUES ('CalvinHarris-01', 'Calvin Harris');
INSERT INTO Artistas VALUES ('Marshmello-01', 'Marshmello');
INSERT INTO Artistas VALUES ('21Savage-01', '21 Savage');
INSERT INTO Artistas VALUES ('Quavo-01', 'Quavo');
INSERT INTO Artistas VALUES ('LiamPayne-01', 'Liam Payne');

INSERT INTO Albuns VALUES ('GRDT', 'Get Rich or Dye Tryin', TO_DATE('2020-10-10','YYYY-MM-DD'));
INSERT INTO Albuns VALUES ('AT', 'American Teen', TO_DATE('2020-10-10','YYYY-MM-DD'));
INSERT INTO Albuns VALUES ('MOTION', 'Motion', TO_DATE('2020-10-10','YYYY-MM-DD'));
INSERT INTO Albuns VALUES ('JOYTIME', 'Joytime', TO_DATE('2020-10-10','YYYY-MM-DD'));
INSERT INTO Albuns VALUES ('FUTURENOSTALGIA', 'Future Nostalgia', TO_DATE('2020-10-10','YYYY-MM-DD'));
INSERT INTO Albuns VALUES ('IAMIWAS', 'I am > I was', TO_DATE('2020-10-10','YYYY-MM-DD'));
INSERT INTO Albuns VALUES ('CULTUREIII', 'Culture III', TO_DATE('2020-10-10','YYYY-MM-DD'));
INSERT INTO Albuns VALUES ('LP1', 'LP1', TO_DATE('2020-10-10','YYYY-MM-DD'));
INSERT INTO Albuns VALUES ('MORELIFE', 'More Life', TO_DATE('2020-10-10','YYYY-MM-DD'));
INSERT INTO Albuns VALUES ('DOGGYSTYLE', 'Doggystyle', TO_DATE('2020-10-10','YYYY-MM-DD'));
INSERT INTO Albuns VALUES ('BTS', 'BTS', TO_DATE('2020-10-10','YYYY-MM-DD'));

INSERT INTO Musicas VALUES ('JOYTIME#1', 'Alone', 'Eletronica', 120, 93954, 'JOYTIME', TO_DATE('2020-10-10','YYYY-MM-DD'));
INSERT INTO Musicas VALUES ('JOYTIME#2', 'Ritual', 'Eletronica', 120, 356939, 'JOYTIME', TO_DATE('2020-10-10','YYYY-MM-DD'));
INSERT INTO Musicas VALUES ('JOYTIME#3', 'Numb', 'Eletronica', 120, 356939, 'JOYTIME', TO_DATE('2020-10-10','YYYY-MM-DD'));
INSERT INTO Musicas VALUES ('JOYTIME#4', 'Silence', 'Eletronica', 120, 24252, 'JOYTIME', TO_DATE('2020-10-10','YYYY-MM-DD'));
INSERT INTO Musicas VALUES ('GRDT#1', '21 Questions', 'Rap', 120, 645634, 'GRDT', TO_DATE('2020-10-10','YYYY-MM-DD'));
INSERT INTO Musicas VALUES ('GRDT#2', 'Many Men', 'Rap', 120, 9058021, 'GRDT', TO_DATE('2020-10-10','YYYY-MM-DD'));
INSERT INTO Musicas VALUES ('BTS#1', 'Dynamite', 'KPOP', 120, 31, 'BTS', TO_DATE('2020-10-10','YYYY-MM-DD'));
INSERT INTO Musicas VALUES ('BTS#2', 'Butter', 'KPOP', 120, 162423, 'BTS', TO_DATE('2020-10-10','YYYY-MM-DD'));
INSERT INTO Musicas VALUES ('BTS#3', 'Bad Decisions', 'KPOP', 120, 234222, 'BTS', TO_DATE('2020-10-10','YYYY-MM-DD'));
INSERT INTO Musicas VALUES ('DUALIPA#1', 'One Kiss', 'Pop', 120, 2352, 'FUTURENOSTALGIA', TO_DATE('2020-10-10','YYYY-MM-DD'));
INSERT INTO Musicas VALUES ('DUALIPA#2', 'Dont Start Now', 'Pop', 120, 234423, 'FUTURENOSTALGIA', TO_DATE('2020-10-10','YYYY-MM-DD'));
INSERT INTO Musicas VALUES ('DUALIPA#3', 'Levitating', 'Pop', 120, 234322, 'FUTURENOSTALGIA', TO_DATE('2020-10-10','YYYY-MM-DD'));
INSERT INTO Musicas VALUES ('LP#1', 'Bedroom Floor', 'Pop', 120, 8543283, 'LP1', TO_DATE('2020-10-10','YYYY-MM-DD'));
INSERT INTO Musicas VALUES ('LP#2', 'Strip That Down', 'Pop', 120, 8543283, 'LP1', TO_DATE('2020-10-10','YYYY-MM-DD'));
INSERT INTO Musicas VALUES ('LP#3', 'Slow', 'Pop', 120, 8543283, 'LP1', TO_DATE('2020-10-10','YYYY-MM-DD'));

INSERT INTO Musicas_Artistas VALUES ('BTS#1', 'BTS-01');
INSERT INTO Musicas_Artistas VALUES ('BTS#2', 'BTS-01');
INSERT INTO Musicas_Artistas VALUES ('BTS#3', 'BTS-01');
INSERT INTO Musicas_Artistas VALUES ('DUALIPA#1', 'DuaLipa-01');
INSERT INTO Musicas_Artistas VALUES ('DUALIPA#2', 'DuaLipa-01');
INSERT INTO Musicas_Artistas VALUES ('DUALIPA#3', 'DuaLipa-01');
INSERT INTO Musicas_Artistas VALUES ('DUALIPA#1', 'CalvinHarris-01');
INSERT INTO Musicas_Artistas VALUES ('JOYTIME#3', 'Khalid-01');
INSERT INTO Musicas_Artistas VALUES ('JOYTIME#3', 'Marshmello-01');

INSERT INTO Usuarios VALUES ('ncjhsn', 'Nicolas Pietro');
INSERT INTO Usuarios VALUES ('cassiusito', 'Cassius DelAvila');
INSERT INTO Usuarios VALUES ('tashandoq', 'Lucas Tashan');
INSERT INTO Usuarios VALUES ('eduuhagustinho', 'Eduardo Agustinho');
INSERT INTO Usuarios VALUES ('cdtx', 'Cassio Daitx');
INSERT INTO Usuarios VALUES ('vogadok', 'Kevin Vogado');
INSERT INTO Usuarios VALUES ('user#2', 'User#2');
INSERT INTO Usuarios VALUES ('user#3', 'User#3');
INSERT INTO Usuarios VALUES ('user#4', 'User#4');
INSERT INTO Usuarios VALUES ('user#5', 'User#5');

INSERT INTO Playlists VALUES ('ncjhsn#1', 'ncjhsn', '1');
INSERT INTO Playlists VALUES ('ncjhsn#2', 'ncjhsn', '1');
INSERT INTO Playlists VALUES ('ncjhsn#3', 'ncjhsn', '1');
INSERT INTO Playlists VALUES ('ncjhsn#4', 'ncjhsn', '1');
INSERT INTO Playlists VALUES ('ncjhsn#5', 'ncjhsn', '1');
INSERT INTO Playlists VALUES ('ncjhsn#6', 'ncjhsn', '1');
INSERT INTO Playlists VALUES ('ncjhsn#7', 'ncjhsn', '1');
INSERT INTO Playlists VALUES ('ncjhsn#8', 'ncjhsn', '1');
INSERT INTO Playlists VALUES ('ncjhsn#9', 'ncjhsn', '1');
INSERT INTO Playlists VALUES ('ncjhsn#10', 'ncjhsn', '1');

INSERT INTO Usuarios_Playlists VALUES ('ncjhsn', 'ncjhsn#1', '0');
INSERT INTO Usuarios_Playlists VALUES ('cdtx', 'ncjhsn#1', '1');

INSERT INTO Playlists_Musicas VALUES ('ncjhsn#1', 'DUALIPA#1');
INSERT INTO Playlists_Musicas VALUES ('ncjhsn#1', 'DUALIPA#2');
INSERT INTO Playlists_Musicas VALUES ('ncjhsn#1', 'DUALIPA#3');

INSERT INTO Playlists_Seguidores VALUES ('ncjhsn#1', 'tashandoq');
INSERT INTO Playlists_Seguidores VALUES ('ncjhsn#1', 'cdtx');
INSERT INTO Playlists_Seguidores VALUES ('ncjhsn#2', 'vogadok');

INSERT INTO Seguindo_Seguidores VALUES ('ncjhsn', 'cassiusito');
INSERT INTO Seguindo_Seguidores VALUES ('ncjhsn', 'cdtx');
INSERT INTO Seguindo_Seguidores VALUES ('ncjhsn', 'vogadok');
INSERT INTO Seguindo_Seguidores VALUES ('vogadok', 'ncjhsn');

