INSERT INTO Artistas VALUES ('50CENT-01', '50 cent');
INSERT INTO Artistas VALUES ('DuaLipa-01', 'Dua Lipa');
INSERT INTO Artistas VALUES ('Khalid-01', 'Khalid');
INSERT INTO Artistas VALUES ('PostMalone-01', 'Post Malone');
INSERT INTO Artistas VALUES ('Drake-01', 'Drake');
INSERT INTO Artistas VALUES ('SNPDGG-01', 'Snoop Dogg');
INSERT INTO Artistas VALUES ('BTS-01', 'BTS');
INSERT INTO Artistas VALUES ('CalvinHarris-01', 'Calvin Harris');
INSERT INTO Artistas VALUES ('Marshmello-01', 'Marshmello');
INSERT INTO Artistas VALUES ('21Savage-01', '21 Savage');
INSERT INTO Artistas VALUES ('Quavo-01', 'Quavo');
INSERT INTO Artistas VALUES ('LiamPayne-01', 'Liam Payne');

INSERT INTO Albuns VALUES ('GRDT', 'Get Rich or Dye Tryin', '6-JUN-2003');
INSERT INTO Albuns VALUES ('AT', 'American Teen', '3-MAR-2017');
INSERT INTO Albuns VALUES ('MOTION', 'Motion', '31-OUT-2014');
INSERT INTO Albuns VALUES ('JOYTIME', 'Joytime', '8-JAN-2022');
INSERT INTO Albuns VALUES ('FUTURENOSTALGIA', 'Future Nostalgia', '27-MAR-2020');
INSERT INTO Albuns VALUES ('IAMIWAS', 'I am > I was', '21-12-18');
INSERT INTO Albuns VALUES ('CULTUREIII', 'Culture III', '11-JUN-1921');
INSERT INTO Albuns VALUES ('LP1', 'LP1', '6-DEC-2019');
INSERT INTO Albuns VALUES ('MORELIFE', 'More Life', '18-MAR-1917');
INSERT INTO Albuns VALUES ('DOGGYSTYLE', 'Doggystyle', '23-NOV-1993');
INSERT INTO Albuns VALUES ('BE', 'Be', '20-NOV-20');

INSERT INTO Musicas VALUES ('JOYTIME#1', 'Alone', 'Eletronica', 120, 93954, 'JOYTIME', '2-JUL-2016');
INSERT INTO Musicas VALUES ('JOYTIME#2', 'Ritual', 'Eletronica', 120, 356939, 'JOYTIME', '3-NOV-2016');
INSERT INTO Musicas VALUES ('JOYTIME#3', 'Numb', 'Eletronica', 120, 356939, 'JOYTIME', '17-JUN-2022');
INSERT INTO Musicas VALUES ('JOYTIME#4', 'Silence', 'Eletronica', 120, 24252, 'JOYTIME', '20-OUT-17');
INSERT INTO Musicas VALUES ('GRDT#1', '21 Questions', 'Rap', 120, 645634, 'GRDT', '4-MAR-2003');
INSERT INTO Musicas VALUES ('GRDT#2', 'Many Men', 'Rap', 120, 9058021, 'GRDT', '6-MAY-2003');
INSERT INTO Musicas VALUES ('BTS#1', 'Dynamite', 'KPOP', 120, 31, 'BTS', '21-AUG-2020');
INSERT INTO Musicas VALUES ('BTS#2', 'Butter', 'KPOP', 120, 162423, 'BTS', '21-MAY-2021');
INSERT INTO Musicas VALUES ('BTS#3', 'Bad Decisions', 'KPOP', 120, 99999999, 'BTS', '3-AUG-2022');
INSERT INTO Musicas VALUES ('DUALIPA#1', 'One Kiss', 'Pop', 120, 2352, 'FUTURENOSTALGIA', '6-APR-2018');
INSERT INTO Musicas VALUES ('DUALIPA#2', 'Dont Start Now', 'Pop', 120, 234423, 'FUTURENOSTALGIA', '1-NOV-2019');
INSERT INTO Musicas VALUES ('DUALIPA#3', 'Levitating', 'Pop', 120, 234322, 'FUTURENOSTALGIA', '1-OCT-2020');
INSERT INTO Musicas VALUES ('LP#1', 'Bedroom Floor', 'Pop', 120, 8543283, 'LP1', '20-OCT-2019');
INSERT INTO Musicas VALUES ('LP#2', 'Strip That Down', 'Pop', 120, 8543283, 'LP1', '19-MAY-2017');
INSERT INTO Musicas VALUES ('LP#3', 'Slow', 'Pop', 120, 8543283, 'LP1', '24-AUG-2018');

INSERT INTO Musicas_Artistas VALUES ('BTS#1', 'BTS-01');
INSERT INTO Musicas_Artistas VALUES ('BTS#2', 'BTS-01');
INSERT INTO Musicas_Artistas VALUES ('BTS#3', 'BTS-01');
INSERT INTO Musicas_Artistas VALUES ('DUALIPA#1', 'DuaLipa-01');
INSERT INTO Musicas_Artistas VALUES ('DUALIPA#2', 'DuaLipa-01');
INSERT INTO Musicas_Artistas VALUES ('DUALIPA#3', 'DuaLipa-01');
INSERT INTO Musicas_Artistas VALUES ('DUALIPA#1', 'CalvinHarris-01');
INSERT INTO Musicas_Artistas VALUES ('JOYTIME#3', 'Khalid-01');
INSERT INTO Musicas_Artistas VALUES ('LP#1', 'LiamPayne-01');
INSERT INTO Musicas_Artistas VALUES ('LP#2', 'LiamPayne-01');
INSERT INTO Musicas_Artistas VALUES ('LP#3', 'LiamPayne-01');

INSERT INTO Usuarios VALUES ('ncjhsn', 'Nicolas Pietro');
INSERT INTO Usuarios VALUES ('cassiusito', 'Cassius De lAvila');
INSERT INTO Usuarios VALUES ('tashandoq', 'Lucas Tashan');
INSERT INTO Usuarios VALUES ('eduuhagustinho', 'Eduardo Agustinho');
INSERT INTO Usuarios VALUES ('cdtx', 'Cassio Daitx');
INSERT INTO Usuarios VALUES ('vogadok', 'Kevin Vogado');
INSERT INTO Usuarios VALUES ('AM', 'Ariel Menezes');
INSERT INTO Usuarios VALUES ('JTest', 'Johnny Test');
INSERT INTO Usuarios VALUES ('Johnnn', 'John');
INSERT INTO Usuarios VALUES ('xand', 'Alexandre o big');
INSERT INTO Usuarios VALUES ('L. MRS', 'Laura Morais');

INSERT INTO Playlists VALUES ('my_playlist#1', 'ncjhsn', '1');
INSERT INTO Playlists VALUES ('my_playlist#2', 'ncjhsn', '0');
INSERT INTO Playlists VALUES ('my_playlist#3', 'ncjhsn', '1');
INSERT INTO Playlists VALUES ('my_playlist#4', 'ncjhsn', '0');
INSERT INTO Playlists VALUES ('my_playlist#5', 'ncjhsn', '0');
INSERT INTO Playlists VALUES ('my_playlist#6', 'ncjhsn', '1');
INSERT INTO Playlists VALUES ('my_playlist#7', 'ncjhsn', '0');
INSERT INTO Playlists VALUES ('my_playlist#8', 'ncjhsn', '0');
INSERT INTO Playlists VALUES ('my_playlist#9', 'ncjhsn', '1');
INSERT INTO Playlists VALUES ('my_playlist#10', 'ncjhsn', '0');
INSERT INTO Playlists VALUES ('my_playlist#11', 'ncjhsn', '0');

INSERT INTO Usuarios_Playlists VALUES ('ncjhsn', 'my_playlist#1', '2');
INSERT INTO Usuarios_Playlists VALUES ('cassiusito', 'my_playlist#2', '2');
INSERT INTO Usuarios_Playlists VALUES ('tashandoq', 'my_playlist#4', '2');
INSERT INTO Usuarios_Playlists VALUES ('eduuhagustinho', 'my_playlist#1', '1');
INSERT INTO Usuarios_Playlists VALUES ('cdtx', 'my_playlist#1', '1');
INSERT INTO Usuarios_Playlists VALUES ('vogadok', 'my_playlist#2', '1');
INSERT INTO Usuarios_Playlists VALUES ('AM', 'my_playlist#1', '1');
INSERT INTO Usuarios_Playlists VALUES ('JTest', 'my_playlist#3', '1');
INSERT INTO Usuarios_Playlists VALUES ('Johnnn', 'my_playlist#5', '1');
INSERT INTO Usuarios_Playlists VALUES ('xand', 'my_playlist#6', '1');
INSERT INTO Usuarios_Playlists VALUES ('L. MRS', 'my_playlist#10', '1');

INSERT INTO Playlists_Musicas VALUES ('my_playlist#1', 'DUALIPA#1');
INSERT INTO Playlists_Musicas VALUES ('my_playlist#1', 'DUALIPA#2');
INSERT INTO Playlists_Musicas VALUES ('my_playlist#1', 'DUALIPA#3');
INSERT INTO Playlists_Musicas VALUES ('my_playlist#1', 'JOYTIME#1');
INSERT INTO Playlists_Musicas VALUES ('my_playlist#1', 'JOYTIME#2');
INSERT INTO Playlists_Musicas VALUES ('my_playlist#1', 'JOYTIME#3');
INSERT INTO Playlists_Musicas VALUES ('my_playlist#1', 'JOYTIME#4');
INSERT INTO Playlists_Musicas VALUES ('my_playlist#1', 'LP#1');
INSERT INTO Playlists_Musicas VALUES ('my_playlist#1', 'LP#2');
INSERT INTO Playlists_Musicas VALUES ('my_playlist#1', 'LP#3');
INSERT INTO Playlists_Musicas VALUES ('my_playlist#1', 'BTS#1');
INSERT INTO Playlists_Musicas VALUES ('my_playlist#1', 'BTS#2');
INSERT INTO Playlists_Musicas VALUES ('my_playlist#1', 'BTS#3');
INSERT INTO Playlists_Musicas VALUES ('my_playlist#2', 'DUALIPA#1');
INSERT INTO Playlists_Musicas VALUES ('my_playlist#2', 'JOYTIME#1');
INSERT INTO Playlists_Musicas VALUES ('my_playlist#2', 'LP#1');
INSERT INTO Playlists_Musicas VALUES ('my_playlist#2', 'LP#2');
INSERT INTO Playlists_Musicas VALUES ('my_playlist#2', 'BTS#3');
INSERT INTO Playlists_Musicas VALUES ('my_playlist#3', 'DUALIPA#3');
INSERT INTO Playlists_Musicas VALUES ('my_playlist#3', 'JOYTIME#1');
INSERT INTO Playlists_Musicas VALUES ('my_playlist#3', 'JOYTIME#4');
INSERT INTO Playlists_Musicas VALUES ('my_playlist#3', 'LP#1');
INSERT INTO Playlists_Musicas VALUES ('my_playlist#3', 'LP#2');
INSERT INTO Playlists_Musicas VALUES ('my_playlist#3', 'BTS#2');
INSERT INTO Playlists_Musicas VALUES ('my_playlist#3', 'BTS#3');
INSERT INTO Playlists_Musicas VALUES ('my_playlist#4', 'DUALIPA#1');
INSERT INTO Playlists_Musicas VALUES ('my_playlist#4', 'DUALIPA#2');
INSERT INTO Playlists_Musicas VALUES ('my_playlist#4', 'DUALIPA#3');
INSERT INTO Playlists_Musicas VALUES ('my_playlist#4', 'JOYTIME#1');
INSERT INTO Playlists_Musicas VALUES ('my_playlist#4', 'BTS#1');
INSERT INTO Playlists_Musicas VALUES ('my_playlist#4', 'BTS#2');
INSERT INTO Playlists_Musicas VALUES ('my_playlist#4', 'BTS#3');
INSERT INTO Playlists_Musicas VALUES ('my_playlist#5', 'DUALIPA#1');
INSERT INTO Playlists_Musicas VALUES ('my_playlist#5', 'DUALIPA#2');
INSERT INTO Playlists_Musicas VALUES ('my_playlist#5', 'BTS#1');
INSERT INTO Playlists_Musicas VALUES ('my_playlist#5', 'BTS#2');
INSERT INTO Playlists_Musicas VALUES ('my_playlist#5', 'BTS#3');
INSERT INTO Playlists_Musicas VALUES ('my_playlist#6', 'JOYTIME#1');
INSERT INTO Playlists_Musicas VALUES ('my_playlist#6', 'JOYTIME#2');
INSERT INTO Playlists_Musicas VALUES ('my_playlist#6', 'JOYTIME#3');
INSERT INTO Playlists_Musicas VALUES ('my_playlist#6', 'JOYTIME#4');
INSERT INTO Playlists_Musicas VALUES ('my_playlist#6', 'LP#1');
INSERT INTO Playlists_Musicas VALUES ('my_playlist#6', 'LP#2');
INSERT INTO Playlists_Musicas VALUES ('my_playlist#6', 'LP#3');
INSERT INTO Playlists_Musicas VALUES ('my_playlist#6', 'BTS#1');
INSERT INTO Playlists_Musicas VALUES ('my_playlist#6', 'DUALIPA#1');
INSERT INTO Playlists_Musicas VALUES ('my_playlist#7', 'DUALIPA#2');
INSERT INTO Playlists_Musicas VALUES ('my_playlist#7', 'DUALIPA#3');
INSERT INTO Playlists_Musicas VALUES ('my_playlist#7', 'JOYTIME#1');
INSERT INTO Playlists_Musicas VALUES ('my_playlist#7', 'LP#2');
INSERT INTO Playlists_Musicas VALUES ('my_playlist#7', 'LP#3');
INSERT INTO Playlists_Musicas VALUES ('my_playlist#7', 'BTS#1');
INSERT INTO Playlists_Musicas VALUES ('my_playlist#7', 'BTS#2');
INSERT INTO Playlists_Musicas VALUES ('my_playlist#7', 'BTS#3');
INSERT INTO Playlists_Musicas VALUES ('my_playlist#8', 'LP#1');
INSERT INTO Playlists_Musicas VALUES ('my_playlist#8', 'LP#2');
INSERT INTO Playlists_Musicas VALUES ('my_playlist#8', 'LP#3');
INSERT INTO Playlists_Musicas VALUES ('my_playlist#8', 'BTS#1');
INSERT INTO Playlists_Musicas VALUES ('my_playlist#8', 'BTS#2');
INSERT INTO Playlists_Musicas VALUES ('my_playlist#8', 'BTS#3');
INSERT INTO Playlists_Musicas VALUES ('my_playlist#9', 'BTS#1');
INSERT INTO Playlists_Musicas VALUES ('my_playlist#9', 'BTS#2');
INSERT INTO Playlists_Musicas VALUES ('my_playlist#9', 'BTS#3');
INSERT INTO Playlists_Musicas VALUES ('my_playlist#10', 'DUALIPA#1');
INSERT INTO Playlists_Musicas VALUES ('my_playlist#10', 'DUALIPA#2');
INSERT INTO Playlists_Musicas VALUES ('my_playlist#10', 'DUALIPA#3');
INSERT INTO Playlists_Musicas VALUES ('my_playlist#10', 'JOYTIME#1');
INSERT INTO Playlists_Musicas VALUES ('my_playlist#11', 'JOYTIME#2');
INSERT INTO Playlists_Musicas VALUES ('my_playlist#11', 'JOYTIME#3');

INSERT INTO Playlists_Seguidores VALUES ('my_playlist#1', 'tashandoq');
INSERT INTO Playlists_Seguidores VALUES ('my_playlist#1', 'LM');
INSERT INTO Playlists_Seguidores VALUES ('my_playlist#1', 'AM');
INSERT INTO Playlists_Seguidores VALUES ('my_playlist#1', 'JTEST');
INSERT INTO Playlists_Seguidores VALUES ('my_playlist#1', 'xand');
INSERT INTO Playlists_Seguidores VALUES ('my_playlist#3', 'cassiusito');
INSERT INTO Playlists_Seguidores VALUES ('my_playlist#3', 'xand');
INSERT INTO Playlists_Seguidores VALUES ('my_playlist#3', 'LM');
INSERT INTO Playlists_Seguidores VALUES ('my_playlist#3', 'tashandoq');
INSERT INTO Playlists_Seguidores VALUES ('my_playlist#3', 'AM');
INSERT INTO Playlists_Seguidores VALUES ('my_playlist#3', 'cdtx');

INSERT INTO Seguindo_Seguidores VALUES ('ncjhsn', 'cassiusito');
INSERT INTO Seguindo_Seguidores VALUES ('ncjhsn', 'cdtx');
INSERT INTO Seguindo_Seguidores VALUES ('ncjhsn', 'vogadok');
INSERT INTO Seguindo_Seguidores VALUES ('ncjhsn', 'eduuhagustinho');
INSERT INTO Seguindo_Seguidores VALUES ('ncjhsn', 'eduuhagustinho');
INSERT INTO Seguindo_Seguidores VALUES ('ncjhsn', 'eduuhagustinho');
INSERT INTO Seguindo_Seguidores VALUES ('eduuhagustinho', 'ncjhsn');
INSERT INTO Seguindo_Seguidores VALUES ('eduuhagustinho', 'cdtx');
INSERT INTO Seguindo_Seguidores VALUES ('eduuhagustinho', 'vogadok');
INSERT INTO Seguindo_Seguidores VALUES ('vogadok', 'ncjhsn');
INSERT INTO Seguindo_Seguidores VALUES ('vogadok', 'cdtx');
INSERT INTO Seguindo_Seguidores VALUES ('tashandoq', 'cdtx');
INSERT INTO Seguindo_Seguidores VALUES ('tashandoq', 'vogadok');
INSERT INTO Seguindo_Seguidores VALUES ('tashandoq', 'eduuhagustinho');
INSERT INTO Seguindo_Seguidores VALUES ('tashandoq', 'ncjhsn');